http___www.sitemaps.org_schemas_sitemap_0.9__||
https___papartners.co_about|About - PA Partners|Mission statement|Our team|Evan Spencer|Currently Hiring|Subscribe to Newsletter
https___papartners.co_canada-is-north-americas-up-and-coming-startup-center|Canada is North America’s up-and-coming startup center - PA Partners|Canada is North America’s up-and-coming startup center|This is a mistake.|Subscribe to Newsletter
https___papartners.co_colombia-is-one-of-latin-americas-most-promising-new-tech-hubs|Colombia Is One Of Latin America’s Most Promising New Tech Hubs - PA Partners|Colombia Is One Of Latin America’s Most Promising New Tech Hubs|Laying the Foundation|Subscribe to Newsletter
https___papartners.co_contact|Contact - PA Partners|Have Questions?|Subscribe to Newsletter
https___papartners.co_entrepreneur-support|Entrepreneur Support - PA Partners|Executive perspective|User Testimonial|Subscribe to Newsletter
https___papartners.co_heartland-grove-pioneering-corporate-housing-in-silicon-heartlands-innovation-park|Heartland Grove: Pioneering Corporate Housing in Silicon Heartland’s Innovation Park - PA Partners|Subscribe to Newsletter
https___papartners.co_hello-world|Hello world! - PA Partners|Subscribe to Newsletter
https___papartners.co_justin-trudeau-explains-why-canada-really-gets-ai-and-smart-cities|Justin Trudeau explains why Canada really ‘gets’ AI and smart cities​ - PA Partners|Justin Trudeau explains why Canada really ‘gets’ AI and smart cities|Trudeau said that Canada realized the need to attract world-class talent to the country hasn’t changed|Subscribe to Newsletter
https___papartners.co_montana-based-mapping-startup-onx-raises-a-round-of-funding-fit-for-big-sky-country|Montana-based mapping startup onX raises a round of funding fit for Big Sky Country - PA Partners|Montana-based mapping startup onX raises a round of funding fit for Big Sky Country|This is impressively the first bout of outside funding that the 70-person startup has ever taken since being founded in 2009.|Subscribe to Newsletter
https___papartners.co_new-york-on-tech-is-helping-under-resourced-students-become-future-tech-leaders|New York on Tech is helping under-resourced students become future tech leaders - PA Partners|New York on Tech is helping under-resourced students become future tech leaders|Real skills have led to real results|Offering more to more people|Subscribe to Newsletter
https___papartners.co_real-estate-funding|Real Estate Development - PA Partners|Executive perspective|User Testimonial|Subscribe to Newsletter
https___papartners.co_services|Services - PA Partners|All Services|2023 Portfolio Showcase|A labor costing solution automating employee compensation|Subscribe to Newsletter
https___papartners.co_social-travel-rediscovering-the-friendly-skies|Social Travel: Rediscovering the Friendly Skies - PA Partners|Social Travel: Rediscovering the Friendly Skies|Jetlagged yet?|Instead of destination-based guides, however, I’ve started to wonder if the real opportunity is higher up the decision funnel, before we buy plane tickets and hotel rooms, at the point we first feel the urge to travel.|Subscribe to Newsletter
https___papartners.co_tech-investing|Tech Investing - PA Partners|Executive perspective|User Testimonial|Subscribe to Newsletter
https___papartners.co_when-brands-violate-customer-trust-its-tough-to-win-it-back|When brands violate customer trust, it’s tough to win it back - PA Partners|When brands violate customer trust, it’s tough to win it back|In an interview in September|Subscribe to Newsletter
https___papartners.co_with-3x-the-active-users-from-a-year-ago-skout-launches-a-feature-for-traveling-vagabonds|With 3X The Active Users From A Year Ago, Skout Launches A Feature For Traveling Vagabonds - PA Partners|With 3X The Active Users From A Year Ago, Skout Launches A Feature For Traveling Vagabonds|The past year has had some major highs and lows for Skout.|They also facilitated more than 200 million connections between users last year, up fourfold from 54 million connections in 2011. In total, they’re adding about 1.5 million new users every month and their most active locale is Hong Kong.|Subscribe to Newsletter
https___papartners.co_your-next-passport-could-be-on-the-blockchain|Your Next Passport Could Be On The Blockchain - PA Partners|Your Next Passport Could Be On The Blockchain|Basically you are confirming that the document couldn’t have been created by any other person at any other time, an assumption that goes into the production of government passports (the need to go into a post office to confirm your existence for a passport is a low-tech version of this process).|Subscribe to Newsletter
https___papartners.co|Home - PA Partners|Navigating Tomorrow's Markets with Today's Investments|Who are the PA Partners?|Our services|Features|Benefits|Our team|Evan Spencer|Currently Hiring|Subscribe to Newsletter
